id;title;image_url;video_url;trailer_id;description
1;deposit e-business;management;Ethiopian 4th Namibia;Tools Supervisor Estate;Chicken Money
2;Ghana Carolina program;database Avon;Data Sausages 5th;navigating Glen;copy Granite Licensed
3;Rubber plug-and-play Solutions;Delaware hacking teal;empowering Buckinghamshire;generating Assimilated quantify;Consultant Tasty Sleek
4;backing;hard magenta payment;revolutionize Generic;transition Forward;New Product
5;States Exclusive;Wyoming;South overriding Avon;embrace;Wooden transition
6;dynamic Cambridgeshire XML;Fresh Burgs;e-commerce Bedfordshire reinvent;Organized Greenland;Nicaragua Polarised Sleek
7;Manors tan responsive;Summit Future-proofed;Missouri;fuchsia Berkshire program;XSS
8;Incredible real-time foreground;interfaces;Electronics Ball;Director invoice Personal;Sleek
9;Licensed;Solutions matrix;Metal architectures Loan;Investor;Function-based transform groupware
10;Soft;Curve Synchronised;driver;parse protocol;microchip Advanced Unbranded
